<?xml version="1.0" encoding="UTF-8"?>
<project-private xmlns="http://www.netbeans.org/ns/project-private/1">
    <editor-bookmarks xmlns="http://www.netbeans.org/ns/editor-bookmarks/2" lastBookmarkId="0"/>
    <open-files xmlns="http://www.netbeans.org/ns/projectui-open-files/2">
        <group>
            <file>file:/C:/Ara%202021/Aravind%20MSIS/AED%20-%20Kal%20Bugrara/AED%20Final%20Project/aedfinalproject-main/src/userinterface/pharmacy/manage_medicines.java</file>
            <file>file:/C:/Ara%202021/Aravind%20MSIS/AED%20-%20Kal%20Bugrara/AED%20Final%20Project/aedfinalproject-main/src/userinterface/government/government_main_frame.java</file>
            <file>file:/C:/Ara%202021/Aravind%20MSIS/AED%20-%20Kal%20Bugrara/AED%20Final%20Project/aedfinalproject-main/src/userinterface/user/Doctor_App.java</file>
            <file>file:/C:/Ara%202021/Aravind%20MSIS/AED%20-%20Kal%20Bugrara/AED%20Final%20Project/aedfinalproject-main/src/userinterface/SystemAdminWorkArea/resturantframe.java</file>
            <file>file:/C:/Ara%202021/Aravind%20MSIS/AED%20-%20Kal%20Bugrara/AED%20Final%20Project/aedfinalproject-main/src/userinterface/bloodbankframe/bloodbankframe.java</file>
            <file>file:/C:/Ara%202021/Aravind%20MSIS/AED%20-%20Kal%20Bugrara/AED%20Final%20Project/aedfinalproject-main/src/userinterface/user/report_emergency_frame.java</file>
            <file>file:/C:/Ara%202021/Aravind%20MSIS/AED%20-%20Kal%20Bugrara/AED%20Final%20Project/aedfinalproject-main/src/userinterface/doctor/Doctorframe.java</file>
            <file>file:/C:/Ara%202021/Aravind%20MSIS/AED%20-%20Kal%20Bugrara/AED%20Final%20Project/aedfinalproject-main/src/userinterface/pharmacy/vaccine.java</file>
            <file>file:/C:/Ara%202021/Aravind%20MSIS/AED%20-%20Kal%20Bugrara/AED%20Final%20Project/aedfinalproject-main/src/userinterface/SystemAdminWorkArea/emergency_org.java</file>
            <file>file:/C:/Ara%202021/Aravind%20MSIS/AED%20-%20Kal%20Bugrara/AED%20Final%20Project/aedfinalproject-main/src/userinterface/SystemAdminWorkArea/hospital_org.java</file>
            <file>file:/C:/Ara%202021/Aravind%20MSIS/AED%20-%20Kal%20Bugrara/AED%20Final%20Project/aedfinalproject-main/src/userinterface/covid19/covid19_mainframe.java</file>
            <file>file:/C:/Ara%202021/Aravind%20MSIS/AED%20-%20Kal%20Bugrara/AED%20Final%20Project/aedfinalproject-main/src/userinterface/bloodbankframe/Doctor_request.java</file>
            <file>file:/C:/Ara%202021/Aravind%20MSIS/AED%20-%20Kal%20Bugrara/AED%20Final%20Project/aedfinalproject-main/src/userinterface/user/vaccination_regd.java</file>
            <file>file:/C:/Ara%202021/Aravind%20MSIS/AED%20-%20Kal%20Bugrara/AED%20Final%20Project/aedfinalproject-main/src/userinterface/doctor/pharmacydoc.java</file>
            <file>file:/C:/Ara%202021/Aravind%20MSIS/AED%20-%20Kal%20Bugrara/AED%20Final%20Project/aedfinalproject-main/src/userinterface/SystemAdminWorkArea/Vaccination_org.java</file>
            <file>file:/C:/Ara%202021/Aravind%20MSIS/AED%20-%20Kal%20Bugrara/AED%20Final%20Project/aedfinalproject-main/src/userinterface/SystemAdminWorkArea/gov_org.java</file>
            <file>file:/C:/Ara%202021/Aravind%20MSIS/AED%20-%20Kal%20Bugrara/AED%20Final%20Project/aedfinalproject-main/src/userinterface/covid19/C19WP.java</file>
            <file>file:/C:/Ara%202021/Aravind%20MSIS/AED%20-%20Kal%20Bugrara/AED%20Final%20Project/aedfinalproject-main/src/userinterface/pharmacy/pharmacyframe.java</file>
            <file>file:/C:/Ara%202021/Aravind%20MSIS/AED%20-%20Kal%20Bugrara/AED%20Final%20Project/aedfinalproject-main/src/userinterface/MainJFrame.java</file>
            <file>file:/C:/Ara%202021/Aravind%20MSIS/AED%20-%20Kal%20Bugrara/AED%20Final%20Project/aedfinalproject-main/src/userinterface/firedepartment/firedepartmentframe.java</file>
            <file>file:/C:/Ara%202021/Aravind%20MSIS/AED%20-%20Kal%20Bugrara/AED%20Final%20Project/aedfinalproject-main/src/userinterface/SystemAdminWorkArea/Governmanet.java</file>
            <file>file:/C:/Ara%202021/Aravind%20MSIS/AED%20-%20Kal%20Bugrara/AED%20Final%20Project/aedfinalproject-main/src/userinterface/loginpage.java</file>
            <file>file:/C:/Ara%202021/Aravind%20MSIS/AED%20-%20Kal%20Bugrara/AED%20Final%20Project/aedfinalproject-main/src/userinterface/SystemAdminWorkArea/bloodbank.java</file>
            <file>file:/C:/Ara%202021/Aravind%20MSIS/AED%20-%20Kal%20Bugrara/AED%20Final%20Project/aedfinalproject-main/src/userinterface/user/opp_status.java</file>
            <file>file:/C:/Ara%202021/Aravind%20MSIS/AED%20-%20Kal%20Bugrara/AED%20Final%20Project/aedfinalproject-main/src/userinterface/user/pharmacy_user.java</file>
            <file>file:/C:/Ara%202021/Aravind%20MSIS/AED%20-%20Kal%20Bugrara/AED%20Final%20Project/aedfinalproject-main/src/userinterface/policeframe/police_frame.java</file>
            <file>file:/C:/Ara%202021/Aravind%20MSIS/AED%20-%20Kal%20Bugrara/AED%20Final%20Project/aedfinalproject-main/src/userinterface/User_register.java</file>
            <file>file:/C:/Ara%202021/Aravind%20MSIS/AED%20-%20Kal%20Bugrara/AED%20Final%20Project/aedfinalproject-main/src/userinterface/user/Snapshot.java</file>
            <file>file:/C:/Ara%202021/Aravind%20MSIS/AED%20-%20Kal%20Bugrara/AED%20Final%20Project/aedfinalproject-main/src/userinterface/user/Doctor_opp.java</file>
            <file>file:/C:/Ara%202021/Aravind%20MSIS/AED%20-%20Kal%20Bugrara/AED%20Final%20Project/aedfinalproject-main/src/userinterface/user/status.java</file>
            <file>file:/C:/Ara%202021/Aravind%20MSIS/AED%20-%20Kal%20Bugrara/AED%20Final%20Project/aedfinalproject-main/src/userinterface/SystemAdminWorkArea/Covidframe.java</file>
            <file>file:/C:/Ara%202021/Aravind%20MSIS/AED%20-%20Kal%20Bugrara/AED%20Final%20Project/aedfinalproject-main/src/userinterface/SystemAdminWorkArea/firedept.java</file>
            <file>file:/C:/Ara%202021/Aravind%20MSIS/AED%20-%20Kal%20Bugrara/AED%20Final%20Project/aedfinalproject-main/src/userinterface/user/C19.java</file>
            <file>file:/C:/Ara%202021/Aravind%20MSIS/AED%20-%20Kal%20Bugrara/AED%20Final%20Project/aedfinalproject-main/src/userinterface/SystemAdminWorkArea/systemadminenterprise.java</file>
            <file>file:/C:/Ara%202021/Aravind%20MSIS/AED%20-%20Kal%20Bugrara/AED%20Final%20Project/aedfinalproject-main/src/userinterface/SystemAdminWorkArea/Delivarymanframe.java</file>
            <file>file:/C:/Ara%202021/Aravind%20MSIS/AED%20-%20Kal%20Bugrara/AED%20Final%20Project/aedfinalproject-main/src/userinterface/ambulance/Ambulanceframe.java</file>
            <file>file:/C:/Ara%202021/Aravind%20MSIS/AED%20-%20Kal%20Bugrara/AED%20Final%20Project/aedfinalproject-main/src/userinterface/doctor/request_blood_frame.java</file>
            <file>file:/C:/Ara%202021/Aravind%20MSIS/AED%20-%20Kal%20Bugrara/AED%20Final%20Project/aedfinalproject-main/src/userinterface/user/Blood_bank.java</file>
            <file>file:/C:/Ara%202021/Aravind%20MSIS/AED%20-%20Kal%20Bugrara/AED%20Final%20Project/aedfinalproject-main/src/userinterface/SystemAdminWorkArea/Doctorregistration.java</file>
            <file>file:/C:/Ara%202021/Aravind%20MSIS/AED%20-%20Kal%20Bugrara/AED%20Final%20Project/aedfinalproject-main/src/userinterface/pharmacy/order.java</file>
            <file>file:/C:/Ara%202021/Aravind%20MSIS/AED%20-%20Kal%20Bugrara/AED%20Final%20Project/aedfinalproject-main/src/userinterface/vaccination/vaccination.java</file>
            <file>file:/C:/Ara%202021/Aravind%20MSIS/AED%20-%20Kal%20Bugrara/AED%20Final%20Project/aedfinalproject-main/src/userinterface/SystemAdminWorkArea/pharmacy.java</file>
            <file>file:/C:/Ara%202021/Aravind%20MSIS/AED%20-%20Kal%20Bugrara/AED%20Final%20Project/aedfinalproject-main/src/userinterface/government/vaccination_request1.java</file>
            <file>file:/C:/Ara%202021/Aravind%20MSIS/AED%20-%20Kal%20Bugrara/AED%20Final%20Project/aedfinalproject-main/src/userinterface/doctor/manageopp.java</file>
            <file>file:/C:/Ara%202021/Aravind%20MSIS/AED%20-%20Kal%20Bugrara/AED%20Final%20Project/aedfinalproject-main/src/userinterface/SystemAdminWorkArea/non_profit_org.java</file>
            <file>file:/C:/Ara%202021/Aravind%20MSIS/AED%20-%20Kal%20Bugrara/AED%20Final%20Project/aedfinalproject-main/src/userinterface/SystemAdminWorkArea/SystemAdminWorkAreaJPanel.java</file>
            <file>file:/C:/Ara%202021/Aravind%20MSIS/AED%20-%20Kal%20Bugrara/AED%20Final%20Project/aedfinalproject-main/src/userinterface/bloodbankframe/manage_stock.java</file>
            <file>file:/C:/Ara%202021/Aravind%20MSIS/AED%20-%20Kal%20Bugrara/AED%20Final%20Project/aedfinalproject-main/src/userinterface/bloodbankframe/manage_appoinment.java</file>
            <file>file:/C:/Ara%202021/Aravind%20MSIS/AED%20-%20Kal%20Bugrara/AED%20Final%20Project/aedfinalproject-main/src/userinterface/SystemAdminWorkArea/ambulance.java</file>
            <file>file:/C:/Ara%202021/Aravind%20MSIS/AED%20-%20Kal%20Bugrara/AED%20Final%20Project/aedfinalproject-main/src/userinterface/user/usermainpannel.java</file>
            <file>file:/C:/Ara%202021/Aravind%20MSIS/AED%20-%20Kal%20Bugrara/AED%20Final%20Project/aedfinalproject-main/src/userinterface/SystemAdminWorkArea/med_supply_org.java</file>
            <file>file:/C:/Ara%202021/Aravind%20MSIS/AED%20-%20Kal%20Bugrara/AED%20Final%20Project/aedfinalproject-main/src/userinterface/SystemAdminWorkArea/systemadmin.java</file>
            <file>file:/C:/Ara%202021/Aravind%20MSIS/AED%20-%20Kal%20Bugrara/AED%20Final%20Project/aedfinalproject-main/src/userinterface/SystemAdminWorkArea/police.java</file>
            <file>file:/C:/Ara%202021/Aravind%20MSIS/AED%20-%20Kal%20Bugrara/AED%20Final%20Project/aedfinalproject-main/src/userinterface/SystemAdminWorkArea/CustomerFrame.java</file>
        </group>
    </open-files>
</project-private>
